論理ID,正式タイトル,出版社,種別,版情報,発刊日,発刊日_level,発刊日_evidence,改訂日,改訂日_level,改訂日_evidence,検知日,HTTP最終更新日,HTTP最終更新日_level,HTTP最終更新日_evidence,URL,ステータス,初回検知日,最終確認日,CSV更新日時
igakushoin_jrc蘇生ガイドライン救急蘇生の現場にゆるぎない基準を蘇生現場で命を守るスタンダードを示す指針定価8250円税込医学看護,"JRC蘇生ガイドライン2025救急蘇生の現場に、ゆるぎない基準を。蘇生現場で命を守る、スタンダードを示す指針。定価 8,250円 (税込)医学看護",医学書院,Web,2025,,unknown,,,unknown,,2026-08-09,,unknown,,https://www.igaku-shoin.co.jp/book/detail/117228,既知,2026-07-08,2026-09-04,2026-09-04 09:54:18 +0900
igakushoin_今日の小児治療指針第18版小児の診療に関するすべての領域を網羅し実践的な治療方針を示す定価19800円税込医学,"今日の小児治療指針　第18版小児の診療に関するすべての領域を網羅し、実践的な治療方針を示す定価 19,800円 (税込)医学",医学書院,Web,,,unknown,,,unknown,,2026-04-26,,unknown,,https://www.igaku-shoin.co.jp/book/detail/116829,既知,2026-04-01,2026-09-04,2026-09-04 09:54:18 +0900
igakushoin_保健師ジャーナルvol82no4特集年に向けた保健師活動保健師活動指針の改正を受けて定価1760円税込看護,"保健師ジャーナルVol.82 No.4特集　2040年に向けた保健師活動　保健師活動指針の改正を受けて定価 1,760円 (税込)看護",医学書院,Web,2040,,unknown,,,unknown,,2026-08-30,,unknown,,https://www.igaku-shoin.co.jp/journal/detail/42414,既知,2026-07-22,2026-09-04,2026-09-04 09:54:18 +0900
igakushoin_日本うつ病学会うつ病診療ガイドラインうつ病診療を読み解く確かな地図個別性の高い診療支援へゼロベースで刷新定価6930円税込医学,"日本うつ病学会 うつ病診療ガイドライン2025うつ病診療を読み解く確かな地図。個別性の高い診療支援へ、ゼロベースで刷新。定価 6,930円 (税込)医学",医学書院,Web,2025,,unknown,,,unknown,,2026-07-13,,unknown,,https://www.igaku-shoin.co.jp/book/detail/118285,既知,2026-06-10,2026-09-04,2026-09-04 09:54:18 +0900
igakushoin_看護看護基礎教育における倫理指針策定のねらいと運用寄稿一般社団法人日本看護学教育学会0811,看護看護基礎教育における倫理指針策定のねらいと運用寄稿一般社団法人 日本看護学教育学会2026.08.11,医学書院,Web,2026,,unknown,,,unknown,,2026-09-04,,unknown,,https://www.igaku-shoin.co.jp/paper/archive/y2026/3588_06,既知,2026-08-11,2026-09-04,2026-09-04 09:54:18 +0900
igakushoin_臨床婦人科産科vol80no9今月の臨床深掘りガイドライン婦人科外来編併せて知りたい関連ガイドライン定価3300円税込医学,"臨床婦人科産科Vol.80 No.9今月の臨床　深掘り！ ガイドライン婦人科外来編　併せて知りたい関連ガイドライン定価 3,300円 (税込)医学",医学書院,Web,,,unknown,,,unknown,,2026-09-04,,unknown,,https://www.igaku-shoin.co.jp/journal/detail/42104,既知,2026-08-26,2026-09-04,2026-09-04 09:54:18 +0900
igakushoin_認知症疾患診療ガイドライン認知症診療のスタンダード待望の改訂定価6600円税込医学,"認知症疾患診療ガイドライン2026認知症診療のスタンダード、待望の改訂！定価 6,600円 (税込)医学",医学書院,Web,2026,,unknown,,,unknown,,2026-06-14,,unknown,,https://www.igaku-shoin.co.jp/book/detail/118270,既知,2026-05-14,2026-09-04,2026-09-04 09:54:18 +0900
igakushoin_非結核性抗酸菌症診療マニュアル第2版ntm症を診る臨床医のための指針疫学細菌学から診断治療に至るまでを網羅定価4840円税込医学,"非結核性抗酸菌症診療マニュアル　第2版NTM症を診る臨床医のための指針──疫学・細菌学から診断・治療に至るまでを網羅定価 4,840円 (税込)医学",医学書院,Web,,,unknown,,,unknown,,2026-07-19,,unknown,,https://www.igaku-shoin.co.jp/book/detail/110677,既知,2026-06-10,2026-09-04,2026-09-04 09:54:18 +0900
jbcs_乳癌診療ガイドラインについて,乳癌診療ガイドラインについて,日本乳癌学会,Web,,,unknown,,2021-02,text,今回の改訂を行うにあたり，新たな委員長および委員会メンバーが任命され，2020年10月にキックオフ会議を開催した。旧版のWEB版改訂を行った後，2021年2月に全体委員会を行い，2022年版の作成が開始された。,2026-09-04,,unknown,,https://jbcs.xsrv.jp/guideline/2022/about/,既知,2026-02-26,2026-09-04,2026-09-04 09:54:18 +0900
jbcs_乳癌診療ガイドライン年版,乳癌診療ガイドライン2022年版,日本乳癌学会,Web,2022,2022-11-15,text,2022年11月15日　2022年度版乳癌診療ガイドラインWEB版を公開しました,2024-03-28,text,2024年3月28日　WEB改訂版を掲載いたしました。一覧は,2026-09-04,,unknown,,https://jbcs.xsrv.jp/guideline/2022/,既知,2026-02-26,2026-09-04,2026-09-04 09:54:18 +0900
jbcs_乳癌診療ガイドライン年版治療編書籍版,乳癌診療ガイドライン2022年版治療編【書籍版】,日本乳癌学会,Web,2022,,unknown,,,unknown,,2026-09-04,,unknown,,https://www.kanehara-shuppan.co.jp/books/detail.html?isbn=9784307204415,既知,2026-02-26,2026-09-04,2026-09-04 09:54:18 +0900
jbcs_乳癌診療ガイドライン年版疫学診断編書籍版,乳癌診療ガイドライン2022年版疫学・診断編【書籍版】,日本乳癌学会,Web,2022,,unknown,,,unknown,,2026-09-04,,unknown,,https://www.kanehara-shuppan.co.jp/books/detail.html?isbn=9784307204422,既知,2026-02-26,2026-09-04,2026-09-04 09:54:18 +0900
jbcs_乳癌診療ガイドライン英語版jbcsclinicalpracticeguidelines,乳癌診療ガイドライン英語版（JBCS clinical practice guidelines）,日本乳癌学会,Web,,,unknown,,,unknown,,2026-09-04,2026-09-04,header,"Fri, 04 Sep 2026 00:53:45 GMT",https://www.jbcs.gr.jp/modules/English/index.php?content_id=15,既知,2026-02-26,2026-09-04,2026-09-04 09:54:18 +0900
jsgo_nccnガイドライン日本語版婦人科がん,NCCNガイドライン日本語版（婦人科がん）,日本婦人科腫瘍学会,Web,,,unknown,,,unknown,,2026-09-04,,unknown,,http://www.tri-kobe.org/nccn/guideline/index.html,既知,2026-02-26,2026-09-04,2026-09-04 09:54:18 +0900
jsgo_new卵巣がん卵管癌腹膜癌治療ガイドライン年版文献検索式,[New]卵巣がん・卵管癌・腹膜癌治療ガイドライン2025年版文献検索式,日本婦人科腫瘍学会,Web,2025,,unknown,,,unknown,,2026-09-04,2025-07-17,header,"Thu, 17 Jul 2025 05:55:14 GMT",https://jsgo.or.jp/guideline/pdf/ransouguide2025.pdf,既知,2026-02-26,2026-09-04,2026-09-04 09:54:18 +0900
jsgo_new子宮頸癌治療ガイドライン年版cq19アップデイト,[New]子宮頸癌治療ガイドライン2022年版　CQ19アップデイト,日本婦人科腫瘍学会,Web,2022,,unknown,,,unknown,,2026-09-04,,unknown,,https://jsgo.or.jp/guideline/keiganguide2022_update_cq19.html,既知,2026-02-26,2026-09-04,2026-09-04 09:54:18 +0900
jsgo_がん診療ガイドライン日本癌治療学会,がん診療ガイドライン（日本癌治療学会）,日本婦人科腫瘍学会,Web,,,unknown,,,unknown,,2026-09-04,,unknown,,http://www.jsco-cpg.jp/,既知,2026-02-26,2026-09-04,2026-09-04 09:54:18 +0900
jsgo_卵巣がん卵管癌腹膜癌治療ガイドラインcq121325アップデイト英語版年版,卵巣がん・卵管癌・腹膜癌治療ガイドライン　CQ12・13・25アップデイト英語版（2020年版）,日本婦人科腫瘍学会,Web,2020,,unknown,,,unknown,,2026-09-04,2022-02-07,header,"Mon, 07 Feb 2022 01:51:39 GMT",https://jsgo.or.jp/guideline/ransou/2021/pdf/ov2020update_english.pdf,既知,2026-02-26,2026-09-04,2026-09-04 09:54:18 +0900
jsgo_卵巣がん卵管癌腹膜癌治療ガイドライン年版,卵巣がん・卵管癌・腹膜癌治療ガイドライン2020年版,日本婦人科腫瘍学会,Web,2020,2020-08-30,text,2020年8月30日発行,,unknown,,2026-09-04,,unknown,,https://jsgo.or.jp/guideline/ransou2020.html,既知,2026-02-26,2026-09-04,2026-09-04 09:54:18 +0900
jsgo_卵巣がん卵管癌腹膜癌治療ガイドライン年版cq121325アップデイト,卵巣がん・卵管癌・腹膜癌治療ガイドライン2020年版　CQ12・13・25アップデイト,日本婦人科腫瘍学会,Web,2020,,unknown,,,unknown,,2026-09-04,,unknown,,https://jsgo.or.jp/guideline/ransou2020_update.html,既知,2026-02-26,2026-09-04,2026-09-04 09:54:18 +0900
jsgo_卵巣がん卵管癌腹膜癌治療ガイドライン年版文献検索式,卵巣がん・卵管癌・腹膜癌治療ガイドライン2020年版文献検索式,日本婦人科腫瘍学会,Web,2020,,unknown,,,unknown,,2026-09-04,,unknown,,https://jsgo.or.jp/guideline/ransou2020_bunken.html,既知,2026-02-26,2026-09-04,2026-09-04 09:54:18 +0900
jsgo_卵巣がん治療ガイドライン年版,卵巣がん治療ガイドライン2015年版,日本婦人科腫瘍学会,Web,2015,2015-04-15,text,2015年4月15日発行,,unknown,,2026-09-04,,unknown,,https://jsgo.or.jp/guideline/ransou2015.html,既知,2026-02-26,2026-09-04,2026-09-04 09:54:18 +0900
jsgo_卵巣がん治療ガイドライン年版cq18アップデイト,卵巣がん治療ガイドライン2015年版　CQ18アップデイト,日本婦人科腫瘍学会,Web,2015,,unknown,,,unknown,,2026-09-04,,unknown,,https://jsgo.or.jp/guideline/ransou2015_cq18.html,既知,2026-02-26,2026-09-04,2026-09-04 09:54:18 +0900
jsgo_卵巣がん治療ガイドライン年版英語版,卵巣がん治療ガイドライン2015年版（英語版）,日本婦人科腫瘍学会,Web,2015,,unknown,,,unknown,,2026-09-04,,unknown,,https://jsgo.or.jp/guideline/en_ransou2015.html,既知,2026-02-26,2026-09-04,2026-09-04 09:54:18 +0900
jsgo_外陰がん腟がん治療ガイドライン年版,外陰がん・腟がん治療ガイドライン2015年版,日本婦人科腫瘍学会,Web,2015,2015-08-10,text,2015年8月10日発行,,unknown,,2026-09-04,,unknown,,https://jsgo.or.jp/guideline/gaiintitu.html,既知,2026-02-26,2026-09-04,2026-09-04 09:54:18 +0900
jsgo_子宮体がん治療ガイドライン年版,子宮体がん治療ガイドライン2023年版,日本婦人科腫瘍学会,Web,2023,2023-06,text,2023年6月発行,,unknown,,2026-09-04,,unknown,,https://jsgo.or.jp/guideline/taiganguide2023.html,既知,2026-02-26,2026-09-04,2026-09-04 09:54:18 +0900
jsgo_子宮体がん治療ガイドライン年版文献検索式,子宮体がん治療ガイドライン2023年版文献検索式,日本婦人科腫瘍学会,Web,2023,,unknown,,,unknown,,2026-09-04,,unknown,,https://jsgo.or.jp/guideline/taigan2023.html,既知,2026-02-26,2026-09-04,2026-09-04 09:54:18 +0900
jsgo_子宮体がん治療ガイドライン年版英語版,子宮体がん治療ガイドライン2013年版（英語版）,日本婦人科腫瘍学会,Web,2013,,unknown,,,unknown,,2026-09-04,,unknown,,https://jsgo.or.jp/guideline/en_taigan2013.html,既知,2026-02-26,2026-09-04,2026-09-04 09:54:18 +0900
jsgo_子宮頸癌治療ガイドライン年版,子宮頸癌治療ガイドライン2022年版,日本婦人科腫瘍学会,Web,2022,2022-06,text,2022年6月発行,,unknown,,2026-09-04,,unknown,,https://jsgo.or.jp/guideline/keiganguide2022.html,既知,2026-02-26,2026-09-04,2026-09-04 09:54:18 +0900
jsgo_子宮頸癌治療ガイドライン年版cq2129アップデイト,子宮頸癌治療ガイドライン2022年版　CQ21・29アップデイト,日本婦人科腫瘍学会,Web,2022,,unknown,,,unknown,,2026-09-04,,unknown,,https://jsgo.or.jp/guideline/keiganguide2022_update.html,既知,2026-02-26,2026-09-04,2026-09-04 09:54:18 +0900
jsgo_子宮頸癌治療ガイドライン年版文献検索式,子宮頸癌治療ガイドライン2022年版文献検索式,日本婦人科腫瘍学会,Web,2022,,unknown,,,unknown,,2026-09-04,,unknown,,https://jsgo.or.jp/guideline/keigan2022.html,既知,2026-02-26,2026-09-04,2026-09-04 09:54:18 +0900
jsgo_子宮頸癌治療ガイドライン年版英語版,子宮頸癌治療ガイドライン2011年版（英語版）,日本婦人科腫瘍学会,Web,2011,,unknown,,,unknown,,2026-09-04,,unknown,,https://jsgo.or.jp/guideline/en_keigan2011.html,既知,2026-02-26,2026-09-04,2026-09-04 09:54:18 +0900
jsgo_腫瘍研究の利益相反に関するjsgo指針,腫瘍研究の利益相反に関するJSGO指針,日本婦人科腫瘍学会,Web,,,unknown,,,unknown,,2026-09-04,,unknown,,https://jsgo.or.jp/topics/index01.html,既知,2026-02-26,2026-09-04,2026-09-04 09:54:18 +0900
urol_tscamlに対する凍結療法の適正使用指針,TSC-AMLに対する凍結療法の適正使用指針,日本泌尿器科学会,PDF,,,unknown,,,unknown,,2026-09-04,2026-02-27,header,"Fri, 27 Feb 2026 05:23:56 GMT",https://www.urol.or.jp/lib/files/other/guideline/guideline_tsc-aml.pdf,既知,2026-02-28,2026-09-04,2026-09-04 09:54:18 +0900
urol_ガイドライン一覧,ガイドライン一覧,日本泌尿器科学会,PDF,,,unknown,,,unknown,,2026-09-04,2026-05-07,header,"Thu, 07 May 2026 02:27:19 GMT",https://www.urol.or.jp/lib/files/other/guideline/guideline_list_20260507.pdf,既知,2026-02-26,2026-09-04,2026-09-04 09:54:18 +0900
urol_前立腺がんに対する放射線治療におけるベリジェルの適正使用指針,前立腺がんに対する放射線治療におけるベリジェルの適正使用指針,日本泌尿器科学会,PDF,,,unknown,,,unknown,,2026-09-04,2025-08-07,header,"Thu, 07 Aug 2025 02:10:27 GMT",https://www.urol.or.jp/lib/files/other/guideline/guideline_verigel.pdf,既知,2026-02-26,2026-09-04,2026-09-04 09:54:18 +0900
urol_前立腺肥大症benignprostatichyperplasiaに対する経尿道的前立腺切除術に使用されるaquabeamロボットシステムの適正使用指針,前立腺肥大症（Benign prostatic hyperplasia）に対する経尿道的前立腺切除術に使用されるAQUABEAMロボットシステムの適正使用指針,日本泌尿器科学会,PDF,,,unknown,,,unknown,,2026-09-04,2024-03-12,header,"Tue, 12 Mar 2024 07:32:44 GMT",https://www.urol.or.jp/lib/files/other/guideline/aquabeam_use_guidance_2403.pdf,既知,2026-02-26,2026-09-04,2026-09-04 09:54:18 +0900
urol_前立腺肥大症benignprostatichyperplasiaに対する経尿道的前立腺吊り上げ術に使用されるuroliftシステムの適正使用指針,前立腺肥大症（benign prostatic hyperplasia）に対する経尿道的前立腺吊り上げ術に使用されるUroLiftシステムの適正使用指針,日本泌尿器科学会,PDF,,,unknown,,,unknown,,2026-04-16,2022-06-10,header,"Fri, 10 Jun 2022 06:27:43 GMT",https://www.urol.or.jp/lib/files/other/guideline/UroLift_use_guidance_2202.pdf,既知,2026-02-26,2026-09-04,2026-09-04 09:54:18 +0900
urol_前立腺肥大症benignprostatichyperplasiaに対する経尿道的前立腺吊り上げ術に使用されるuroliftシステムの適正使用指針第2版,前立腺肥大症（benign prostatic hyperplasia）に対する経尿道的前立腺吊り上げ術に使用されるUroLiftシステムの適正使用指針　第2版,日本泌尿器科学会,PDF,,,unknown,,,unknown,,2026-09-04,2026-04-16,header,"Thu, 16 Apr 2026 07:04:25 GMT",https://www.urol.or.jp/lib/files/other/guideline/UroLift_use_guidance_2604.pdf,既知,2026-04-17,2026-09-04,2026-09-04 09:54:18 +0900
urol_前立腺肥大症bphbenignprostatichyperplasiaに対する経尿道的水蒸気治療rezumシステムに関する適正使用指針,前立腺肥大症（BPH: Benign Prostatic Hyperplasia）に対する経尿道的水蒸気治療（Rezumシステム）に関する適正使用指針,日本泌尿器科学会,PDF,,,unknown,,,unknown,,2026-04-16,2022-09-01,header,"Thu, 01 Sep 2022 00:30:16 GMT",https://www.urol.or.jp/lib/files/other/guideline/rezum_use_guidance.pdf,既知,2026-02-26,2026-09-04,2026-09-04 09:54:18 +0900
urol_経尿道的水蒸気治療rezumシステムに関する適正使用指針第2版,経尿道的水蒸気治療（Rezumシステム）に関する適正使用指針（第2版）,日本泌尿器科学会,PDF,,,unknown,,,unknown,,2026-09-04,2026-04-16,header,"Thu, 16 Apr 2026 07:04:25 GMT",https://www.urol.or.jp/lib/files/other/guideline/rezum_use_guidance_2604.pdf,既知,2026-04-17,2026-09-04,2026-09-04 09:54:18 +0900
urol_過活動膀胱神経因性膀胱に対するボツリヌス療法適正使用指針,過活動膀胱・神経因性膀胱に対するボツリヌス療法適正使用指針,日本泌尿器科学会,PDF,,,unknown,,,unknown,,2026-09-04,2018-02-20,header,"Tue, 20 Feb 2018 13:10:59 GMT",http://japanese-continence-society.kenkyuukai.jp/images/sys/information/20210412175051-A77C5635487F5038C1A2E5939CE5604151BD17C1128DB274AC89A450C62FDA7E.pdf,既知,2026-02-26,2026-09-04,2026-09-04 09:54:18 +0900
jsh_ガイドライン統括委員会,ガイドライン統括委員会,日本肝臓学会,Web,,,unknown,,,unknown,,2026-09-04,,unknown,,https://www.jsh.or.jp/medical/committeeactivity/guidelines.html,既知,2026-02-26,2026-09-04,2026-09-04 09:54:18 +0900
jsh_ガイドライン診療情報,ガイドライン・診療情報,日本肝臓学会,Web,,,unknown,,,unknown,,2026-09-04,,unknown,,https://www.jsh.or.jp/medical/guidelines/,既知,2026-02-26,2026-09-04,2026-09-04 09:54:18 +0900
jsh_倫理指針内規等,倫理指針・内規　等,日本肝臓学会,Web,,,unknown,,,unknown,,2026-09-04,,unknown,,https://www.jsh.or.jp/medical/about/rule.html,既知,2026-02-26,2026-09-04,2026-09-04 09:54:18 +0900
jsh_日本肝臓学会ガイドライン,日本肝臓学会ガイドライン,日本肝臓学会,Web,,,unknown,,,unknown,,2026-09-04,,unknown,,https://www.jsh.or.jp/medical/guidelines/jsh_guidlines/,既知,2026-02-26,2026-09-04,2026-09-04 09:54:18 +0900
jsh_肝炎治療ガイドラインモバイル用アプリ,肝炎治療ガイドライン モバイル用アプリ,日本肝臓学会,Web,,,unknown,,,unknown,,2026-09-04,,unknown,,https://www.jsh.or.jp/medical/guidelines/apps_guidelines.html,既知,2026-02-26,2026-09-04,2026-09-04 09:54:18 +0900
jsh_肝癌診療ガイドライン年版,肝癌診療ガイドライン　2021年版,日本肝臓学会,Web,2021,,unknown,,,unknown,,2026-09-04,2022-06-28,header,"Tue, 28 Jun 2022 10:16:00 GMT",https://www.jsh.or.jp/lib/files/medical/guidelines/jsh_guidlines/medical/guideline_jp_2021_v3.pdf,既知,2026-02-26,2026-09-04,2026-09-04 09:54:18 +0900
jsh_肝癌診療ガイドライン年版補訂版,肝癌診療ガイドライン　2017年版　補訂版,日本肝臓学会,Web,2017,,unknown,,,unknown,,2026-09-04,,unknown,,https://www.jsh.or.jp/medical/guidelines/jsh_guidlines/medical/examination_jp_2017_correct.html,既知,2026-02-26,2026-09-04,2026-09-04 09:54:18 +0900
haigan_ガイドライン修正のお知らせ,ガイドライン修正のお知らせ,日本肺癌学会,Web,,,unknown,,,unknown,,2026-09-04,2026-01-13,header,"Tue, 13 Jan 2026 00:45:52 GMT",https://www.haigan.gr.jp/publication/guideline/examination/2025/errata.pdf,既知,2026-02-26,2026-09-04,2026-09-04 09:54:18 +0900
haigan_本ガイドラインからの転載利用について,本ガイドラインからの転載利用について,日本肺癌学会,Web,,2025-11-06,text,2025年版を公開しました / 2025.11.6,2026-01,text,ガイドライン修正のお知らせ / 2026.1.15,2026-09-04,2026-01-09,header,"Fri, 09 Jan 2026 07:05:30 GMT",https://www.haigan.gr.jp/publication/guideline/examination/2025/#permission,既知,2026-02-26,2026-09-04,2026-09-04 09:54:18 +0900
haigan_本ガイドラインについて,本ガイドラインについて,日本肺癌学会,Web,,,unknown,,,unknown,,2026-09-04,2025-12-24,header,"Tue, 23 Dec 2025 23:32:56 GMT",https://www.haigan.gr.jp/publication/guideline/examination/2025/jo/25002025ho00.html,既知,2026-02-26,2026-09-04,2026-09-04 09:54:18 +0900
jshnc_日本癌治療学会癌診療ガイドライン頭頸部がん,日本癌治療学会癌診療ガイドライン　頭頸部がん,日本頭頸部癌学会,Web,,,unknown,,,unknown,,2026-09-04,,unknown,,http://www.jsco-cpg.jp/headandneck-cancer/team/,既知,2026-02-26,2026-09-04,2026-09-04 09:54:18 +0900
jshnc_頭頸部癌診療ガイドライン年版のがん薬物療法に追記すべき臨床試験の結果について年4月,頭頸部癌診療ガイドライン2018年版の「がん薬物療法」に追記すべき臨床試験の結果について（2020年4月）,日本頭頸部癌学会,Web,2018,,unknown,,,unknown,,2026-09-04,2025-08-21,header,"Thu, 21 Aug 2025 09:17:23 GMT",http://www.jshnc.umin.ne.jp/renraku20200408.html,既知,2026-02-26,2026-09-04,2026-09-04 09:54:18 +0900
jshnc_頭頸部癌診療ガイドライン年版のがん薬物療法に追記すべき臨床試験の結果について年8月,頭頸部癌診療ガイドライン2018年版の「がん薬物療法」に追記すべき臨床試験の結果について（2020年8月）,日本頭頸部癌学会,Web,2018,,unknown,,,unknown,,2026-09-04,2025-08-21,header,"Thu, 21 Aug 2025 09:17:23 GMT",http://www.jshnc.umin.ne.jp/renraku20200806.html,既知,2026-02-26,2026-09-04,2026-09-04 09:54:18 +0900
jshnc_頭頸部癌診療ガイドライン年版の文献検索式,頭頸部癌診療ガイドライン2022年版の文献検索式,日本頭頸部癌学会,Web,2022,,unknown,,,unknown,,2026-09-04,2026-04-08,header,"Wed, 08 Apr 2026 08:32:11 GMT",http://www.jshnc.umin.ne.jp/guideline-cq.html,既知,2026-02-26,2026-09-04,2026-09-04 09:54:18 +0900
jshnc_頭頸部癌診療ガイドライン英文要約,頭頸部癌診療ガイドライン英文要約,日本頭頸部癌学会,Web,,,unknown,,,unknown,,2026-09-04,,unknown,,https://www.sciencedirect.com/science/article/pii/S0385814623001402?via%3Dihub,既知,2026-02-26,2026-09-04,2026-09-04 09:54:18 +0900
jshnc_頭頸部表在癌取扱い指針ver1,頭頸部表在癌取扱い指針（Ver.1）,日本頭頸部癌学会,Web,,,unknown,,,unknown,,2026-09-04,2020-12-01,header,"Mon, 30 Nov 2020 16:09:06 GMT",http://www.jshnc.umin.ne.jp/pdf/toriatsukaishishin.pdf,既知,2026-02-26,2026-09-04,2026-09-04 09:54:18 +0900
shindan_がんのリハビリテーション診療ガイドライン第３版年8月発売,がんのリハビリテーション診療ガイドライン　第３版2026年8月発売,診断と治療社,Web,2026,2026-08-10,text,発行日: / 2026/08/10,,unknown,,2026-09-04,,unknown,,https://www.shindan.co.jp/np/isbn/9784787827258/,既知,2026-07-18,2026-09-04,2026-09-04 09:54:18 +0900
shindan_性感染症診断治療ガイドライン年12月発売,性感染症 診断・治療ガイドライン20262025年12月発売,診断と治療社,Web,2026,2025-12-18,text,発行日: / 2025/12/18,,unknown,,2026-03-17,,unknown,,https://www.shindan.co.jp/np/isbn/9784787827395/,既知,2026-02-26,2026-09-04,2026-09-04 09:54:18 +0900
shindan_新生児マススクリーニング対象疾患等診療ガイドライン年4月発売,新生児マススクリーニング対象疾患等診療ガイドライン20262026年4月発売,診断と治療社,Web,2026,2026-04-14,text,発行日: / 2026/04/14,,unknown,,2026-06-04,,unknown,,https://www.shindan.co.jp/np/isbn/9784787827487/,既知,2026-04-04,2026-09-04,2026-09-04 09:54:18 +0900
shindan_産科と婦人科年vol93no8ガイドラインから学ぶ生殖医療アップデート最新エビデンスと標準化,産科と婦人科2026年 Vol.93 No.8ガイドラインから学ぶ！生殖医療アップデート―最新エビデンスと標準化―,診断と治療社,Web,2026,,unknown,,,unknown,,2026-08-18,,unknown,,https://www.shindan.co.jp/np/magazine.html?maga_id=3,既知,2026-07-17,2026-09-04,2026-09-04 09:54:18 +0900
shindan_自己炎症性疾患診療ガイドライン年12月発売,自己炎症性疾患診療ガイドライン20262025年12月発売,診断と治療社,Web,2026,2025-12-09,text,発行日: / 2025/12/09,,unknown,,2026-03-09,,unknown,,https://www.shindan.co.jp/np/isbn/9784787827043/,既知,2026-02-26,2026-09-04,2026-09-04 09:54:18 +0900
shindan_診断と治療年vol114no5日常診療にどう活かす高血圧管理治療ガイドライン,診断と治療2026年 Vol.114 No.5日常診療にどう活かす！？　『高血圧管理・治療ガイドライン2025』,診断と治療社,Web,2026,,unknown,,,unknown,,2026-06-03,,unknown,,https://www.shindan.co.jp/np/magazine.html?maga_id=2,既知,2026-05-08,2026-09-04,2026-09-04 09:54:18 +0900
shindan_診断と治療年vol114no9ガイドラインで何が変わった骨粗鬆症の診かた一問一答,診断と治療2026年 Vol.114 No.9ガイドライン2025で何が変わった!?　骨粗鬆症の診かた　一問一答,診断と治療社,Web,2026,,unknown,,,unknown,,2026-09-04,,unknown,,https://www.shindan.co.jp/np/magazine.html?maga_id=2,★新着,2026-09-04,2026-09-04,2026-09-04 09:54:18 +0900
kanehara_gl_pdf_pdf,金原出版(GL PDF),金原出版(GL PDF),PDF,,,unknown,,,unknown,,2026-09-04,2026-08-06,header,"Thu, 06 Aug 2026 06:37:22 GMT",https://www.kanehara-shuppan.co.jp/_data/books/gl_new.pdf,既知,2026-02-26,2026-09-04,2026-09-04 09:54:18 +0900
kanehara_gl_がん医療におけるこころのケアガイドラインシリーズ1がん患者におけるせん妄ガイドライン年版第3版,がん医療におけるこころのケアガイドラインシリーズ 1がん患者におけるせん妄ガイドライン 2025年版第3版,金原出版(GL検索),Web,2025,2025-09-20,text,発行日 / 2025/09/20,,unknown,,2026-09-04,,unknown,,https://www.kanehara-shuppan.co.jp/books/detail.html?isbn=9784307102285,既知,2026-02-26,2026-09-04,2026-09-04 09:54:18 +0900
kanehara_gl_ホルモン補充療法ガイドライン年度版,ホルモン補充療法ガイドライン 2025年度版,金原出版(GL検索),Web,2025,2025-03-01,text,◆HRTガイドライン2025年度版発刊に際して / 内容に対しては多くのパブリックコメントをいただき、第30回日本女性医学学会ワークショップ（2025年3月1日青森市開催）でのコンセンサスミーティングでも活発な議論が持たれ、ガイドライン内容の細部にわたるブラッシュアップができたと確信しました。,2025-04,text,改訂を重ねた今版もエビデンスについては海外からの報告が内容の主体であることは否めません。しかし、本学会が日本におけるHRTの適正使用の実践とエビデンスの創生を目的に2023年6月から開始した、“ホルモン補充療法登録者を対象とした長期フォローアップ追跡調査”という研究が広がり、その結果から日本人のエビデンスを掲載できる日も近いものと思っています。 / 2025年4月,2026-09-04,,unknown,,https://www.kanehara-shuppan.co.jp/books/detail.html?isbn=9784307301589,既知,2026-02-26,2026-09-04,2026-09-04 09:54:18 +0900
kanehara_gl_メニエール病遅発性内リンパ水腫診療ガイドライン年版,メニエール病・遅発性内リンパ水腫診療ガイドライン 2025年版,金原出版(GL検索),Web,2025,2025-06-30,text,発行日 / 2025/06/30,,unknown,,2026-09-04,,unknown,,https://www.kanehara-shuppan.co.jp/books/detail.html?isbn=9784307371421,既知,2026-02-26,2026-09-04,2026-09-04 09:54:18 +0900
kanehara_gl_乳癌患者の妊娠出産と生殖医療に関する診療ガイドライン年版第4版,乳癌患者の妊娠・出産と生殖医療に関する診療ガイドライン 2026年版 【第4版】,金原出版(GL検索),Web,2026,2026-06-25,text,発行日 / 2026/06/25,2026-06,text,「乳癌患者の妊娠・出産と生殖医療に関する診療ガイドライン」改訂委員会 委員長 田村 宜子 / 2026年6月,2026-09-04,,unknown,,https://www.kanehara-shuppan.co.jp/books/detail.html?isbn=9784307204934,既知,2026-05-23,2026-09-04,2026-09-04 09:54:18 +0900
kanehara_gl_乳癌診療ガイドライン年版第6版,乳癌診療ガイドライン 2026年版第6版,金原出版(GL検索),Web,2026,2026-06-25,text,発行日 / 2026/06/25,,unknown,,2026-09-04,,unknown,,https://www.kanehara-shuppan.co.jp/books/detail.html?isbn=9784307205115,既知,2026-06-06,2026-09-04,2026-09-04 09:54:18 +0900
kanehara_gl_全身性強皮症診療ガイドライン年版,全身性強皮症診療ガイドライン 2025年版,金原出版(GL検索),Web,2025,2025-01-20,text,発行日 / 2025/01/20,,unknown,,2026-06-05,,unknown,,https://www.kanehara-shuppan.co.jp/books/detail.html?isbn=9784307400626,既知,2026-02-26,2026-09-04,2026-09-04 09:54:18 +0900
kanehara_gl_十二指腸癌診療ガイドライン年版第2版,十二指腸癌診療ガイドライン 2025年版第2版,金原出版(GL検索),Web,2025,2025-09-30,text,発行日 / 2025/09/30,,unknown,,2026-09-04,,unknown,,https://www.kanehara-shuppan.co.jp/books/detail.html?isbn=9784307204972,既知,2026-02-26,2026-09-04,2026-09-04 09:54:18 +0900
kanehara_gl_卵巣がん卵管癌腹膜癌治療ガイドライン年版,卵巣がん・卵管癌・腹膜癌治療ガイドライン 2025年版,金原出版(GL検索),Web,2025,2025-07-20,text,発行日 / 2025/07/20,,unknown,,2026-09-04,,unknown,,https://www.kanehara-shuppan.co.jp/books/detail.html?isbn=9784307301596,既知,2026-02-26,2026-09-04,2026-09-04 09:54:18 +0900
kanehara_gl_大腸癌治療ガイドライン医師用年版第9版,大腸癌治療ガイドライン 医師用 2026年版第9版,金原出版(GL検索),Web,2026,2026-07-05,text,発行日 / 2026/07/05,,unknown,,2026-09-04,,unknown,,https://www.kanehara-shuppan.co.jp/books/detail.html?isbn=9784307205153,既知,2026-05-12,2026-09-04,2026-09-04 09:54:18 +0900
kanehara_gl_小児aya世代がん患者等の妊孕性温存に関する診療ガイドライン年12月改訂第2版,小児・AYA世代がん患者等の妊孕性温存に関する診療ガイドライン 2024年12月改訂第2版,金原出版(GL検索),Web,2024,2024-12-25,text,発行日 / 2024/12/25,2024-10,text,最後に、鈴木 直委員長をはじめ本ガイドライン改訂作業に携わられたすべての関係者の皆様の多大なるご尽力に心より感謝いたします。 / 2024年10月,2026-05-22,,unknown,,https://www.kanehara-shuppan.co.jp/books/detail.html?isbn=9784307301565,既知,2026-02-26,2026-09-04,2026-09-04 09:54:18 +0900
kanehara_gl_小児がん血液腫瘍固形腫瘍診療ガイドライン年版,小児がん（血液腫瘍・固形腫瘍）診療ガイドライン 2026年版,金原出版(GL検索),Web,2026,2026-02-20,text,発行日 / 2026/02/20,,unknown,,2026-09-04,,unknown,,https://www.kanehara-shuppan.co.jp/books/detail.html?isbn=9784307170772,既知,2026-02-26,2026-09-04,2026-09-04 09:54:18 +0900
kanehara_gl_強度変調粒子線治療ガイドライン年版,強度変調粒子線治療ガイドライン 2026年版,金原出版(GL検索),Web,2026,2025-12-01,text,「強度変調粒子線治療ガイドライン」はがん研究開発費　研究課題31-A-17（陽子線治療の高精度技術の標準化とその評価方法確立；2019年4月〜2022年3月）の研究班が中心となり、作成を開始して発刊に至ったガイドラインです。 / 2025年12月1日,,unknown,,2026-09-04,,unknown,,https://www.kanehara-shuppan.co.jp/books/detail.html?isbn=9784307071277,既知,2026-02-26,2026-09-04,2026-09-04 09:54:18 +0900
kanehara_gl_放射線治療計画ガイドライン年版第6版,放射線治療計画ガイドライン 2024年版第6版,金原出版(GL検索),Web,2024,2024-11-20,text,発行日 / 2024/11/20,2024-10,text,『放射線治療計画ガイドライン』は、2004 年に日本放射線科専門医会・医会の放射線診療ガイドライン策定事業の一環として初版が発刊されて以降、放射線治療技術の進歩、がん診療形態の変化や国民の期待、医療政策や保険診療制度の変革に対応しつつ、4 年ごとの改訂を重ねてきました。 / 2024年10月,2026-05-11,,unknown,,https://www.kanehara-shuppan.co.jp/books/detail.html?isbn=9784307071314,既知,2026-02-26,2026-09-04,2026-09-04 09:54:18 +0900
kanehara_gl_死後画像読影ガイドライン年版第3版,死後画像読影ガイドライン 2025年版第3版,金原出版(GL検索),Web,2025,2025-03-20,text,発行日 / 2025/03/20,,unknown,,2026-08-31,,unknown,,https://www.kanehara-shuppan.co.jp/books/detail.html?isbn=9784307071321,既知,2026-02-26,2026-09-04,2026-09-04 09:54:18 +0900
kanehara_gl_肝細胞癌診療ガイドライン年版第6版,肝細胞癌診療ガイドライン 2025年版第6版,金原出版(GL検索),Web,2025,2025-10-30,text,発行日 / 2025/10/30,2025-10,text,肝細胞癌診療ガイドライン2025 年版（第6版）改訂委員会 委員長 / 2025年10月,2026-09-04,,unknown,,https://www.kanehara-shuppan.co.jp/books/detail.html?isbn=9784307205023,既知,2026-02-26,2026-09-04,2026-09-04 09:54:18 +0900
kanehara_gl_胃癌治療ガイドライン医師用年3月改訂第7版,胃癌治療ガイドライン 医師用 2025年3月改訂第7版,金原出版(GL検索),Web,2025,2025-03-15,text,発行日 / 2025/03/15,2025-03,text,胃癌治療ガイドライン 医師用 2025年3月改訂,2026-06-30,,unknown,,https://www.kanehara-shuppan.co.jp/books/detail.html?isbn=9784307204873,既知,2026-02-26,2026-09-04,2026-09-04 09:54:18 +0900
kanehara_gl_膵消化管神経内分泌腫瘍nen診療ガイドライン年第3版,膵・消化管神経内分泌腫瘍（NEN）診療ガイドライン 2026年 【第3版】,金原出版(GL検索),Web,2026,2026-02-10,text,発行日 / 2026/02/10,2025-12,text,膵・消化管神経内分泌腫瘍診療ガイドライン第3版改訂委員会 / 2025年12月,2026-09-04,,unknown,,https://www.kanehara-shuppan.co.jp/books/detail.html?isbn=9784307204989,既知,2026-02-26,2026-09-04,2026-09-04 09:54:18 +0900
kanehara_gl_膵癌診療ガイドライン年版第7版,膵癌診療ガイドライン 2025年版第7版,金原出版(GL検索),Web,2025,2025-07-25,text,発行日 / 2025/07/25,,unknown,,2026-09-04,,unknown,,https://www.kanehara-shuppan.co.jp/books/detail.html?isbn=9784307205009,既知,2026-02-26,2026-09-04,2026-09-04 09:54:18 +0900
kanehara_gl_造血器腫瘍診療ガイドライン第4版年版,造血器腫瘍診療ガイドライン 第4版（2026年版),金原出版(GL検索),Web,2026,2026-10-13,text,発行日 / 2026/10/13,,unknown,,2026-09-04,,unknown,,https://www.kanehara-shuppan.co.jp/books/detail.html?isbn=9784307102322,既知,2026-09-01,2026-09-04,2026-09-04 09:54:18 +0900
kanehara_gl_頭頸部癌診療ガイドライン年版,頭頸部癌診療ガイドライン 2025年版,金原出版(GL検索),Web,2025,2025-05-30,text,発行日 / 2025/05/30,2025-05,text,最後に、本改訂にご尽力いただいた委員会の先生方をはじめ、多くの関係者の皆様に深く感謝申し上げる。 / 2025年5月,2026-09-04,,unknown,,https://www.kanehara-shuppan.co.jp/books/detail.html?isbn=9784307371438,既知,2026-02-26,2026-09-04,2026-09-04 09:54:18 +0900
kanehara_gl_高齢者口腔がん治療ガイドライン,高齢者口腔がん治療ガイドライン,金原出版(GL検索),Web,,2025-06-15,text,発行日 / 2025/06/15,,unknown,,2026-09-04,,unknown,,https://www.kanehara-shuppan.co.jp/books/detail.html?isbn=9784307371414,既知,2026-02-26,2026-09-04,2026-09-04 09:54:18 +0900
kanehara_rule_pdf_pdf,金原出版(規約PDF),金原出版(規約PDF),PDF,,,unknown,,,unknown,,2026-09-04,2026-08-06,header,"Thu, 06 Aug 2026 06:12:25 GMT",https://www.kanehara-shuppan.co.jp/_data/books/ky_new.pdf,既知,2026-02-26,2026-09-04,2026-09-04 09:54:18 +0900
kanehara_rule_中皮腫瘍取扱い規約第2版,中皮腫瘍取扱い規約第2版,金原出版(規約検索),Web,,2025-02-20,text,発行日 / 2025/02/20,,unknown,,2026-09-04,,unknown,,https://www.kanehara-shuppan.co.jp/books/detail.html?isbn=9784307204804,既知,2026-02-26,2026-09-04,2026-09-04 09:54:18 +0900
kanehara_rule_卵巣腫瘍卵管癌腹膜癌取扱い規約病理編第2版,卵巣腫瘍・卵管癌・腹膜癌取扱い規約 病理編第2版,金原出版(規約検索),Web,,2022-12-26,text,発行日 / 2022/12/26,,unknown,,2026-09-04,,unknown,,https://www.kanehara-shuppan.co.jp/books/detail.html?isbn=9784307301534,既知,2026-02-26,2026-09-04,2026-09-04 09:54:18 +0900
kanehara_rule_卵巣腫瘍卵管癌腹膜癌取扱い規約臨床編第1版補訂版,卵巣腫瘍・卵管癌・腹膜癌取扱い規約　臨床編　第1版補訂版,金原出版(規約検索),Web,,2023-09-20,text,発行日 / 2023/09/20,2023-08,text,本規約の体裁は規約第1版を概ね踏襲したが、冒頭に臨床編 第1版およびWHO分類 第4版からの主な改訂点をまとめた。用語は、可能な限り日本産科婦人科学会 編『産科婦人科用語集・用語解説集』をはじめ各専門領域の用語を採用して統一を図り、WHO分類 第5版で新たに採用された用語については編集委員会での議論を踏まえて記述した。 / 2023年8月,2026-09-04,,unknown,,https://www.kanehara-shuppan.co.jp/books/detail.html?isbn=9784307301541,既知,2026-02-26,2026-09-04,2026-09-04 09:54:18 +0900
kanehara_rule_子宮体癌取扱い規約病理編第5版,子宮体癌取扱い規約 病理編第5版,金原出版(規約検索),Web,,2022-12-26,text,発行日 / 2022/12/26,,unknown,,2026-09-04,,unknown,,https://www.kanehara-shuppan.co.jp/books/detail.html?isbn=9784307301510,既知,2026-02-26,2026-09-04,2026-09-04 09:54:18 +0900
kanehara_rule_子宮内膜症取扱い規約第2部診療編第3版,子宮内膜症取扱い規約 第2部 診療編第3版,金原出版(規約検索),Web,,2021-08-05,text,発行日 / 2021/08/05,2021-07,text,最後に、この改訂版が本邦のみならず世界の子宮内膜症に苦しむ女性の治療の一助となることを願っています。 / 2021年7月,2026-03-31,,unknown,,https://www.kanehara-shuppan.co.jp/books/detail.html?isbn=9784307301466,既知,2026-02-26,2026-09-04,2026-09-04 09:54:18 +0900
kanehara_rule_子宮頸癌取扱い規約病理編第5版,子宮頸癌取扱い規約 病理編第5版,金原出版(規約検索),Web,,2022-12-26,text,発行日 / 2022/12/26,,unknown,,2026-09-04,,unknown,,https://www.kanehara-shuppan.co.jp/books/detail.html?isbn=9784307301527,既知,2026-02-26,2026-09-04,2026-09-04 09:54:18 +0900
kanehara_rule_悪性軟部腫瘍取扱い規約第4版,悪性軟部腫瘍取扱い規約第4版,金原出版(規約検索),Web,,2023-03-31,text,発行日 / 2023/03/31,2023-03,text,本取扱い規約改訂第4版が、悪性軟部腫瘍を診療する多科の医師の座右にあり、適切な診療、記載法の標準化の助けになると確信している。また本書を通じて、興味深い腫瘍を多く含んだ希少がんである悪性軟部腫瘍診療に興味をもつ医師が増えることを切に願っている。 / 2023年3月,2026-09-04,,unknown,,https://www.kanehara-shuppan.co.jp/books/detail.html?isbn=9784307251679,既知,2026-02-26,2026-09-04,2026-09-04 09:54:18 +0900
kanehara_rule_甲状腺癌取扱い規約第9版,甲状腺癌取扱い規約第9版,金原出版(規約検索),Web,,2023-10-20,text,発行日 / 2023/10/20,,unknown,,2026-09-04,,unknown,,https://www.kanehara-shuppan.co.jp/books/detail.html?isbn=9784307204668,既知,2026-02-26,2026-09-04,2026-09-04 09:54:18 +0900
kanehara_rule_癌取扱い規約抜粋消化器癌乳癌第15版,癌取扱い規約抜粋 消化器癌・乳癌第15版,金原出版(規約検索),Web,,2025-11-05,text,発行日 / 2025/11/05,2025-10,text,なお2023年4月の14版刊行以来、膵癌取扱い規約、乳癌取扱い規約が改訂されたため、それに準拠して記載内容に変更を加え、15版とした。 / 2025年10月,2026-09-04,,unknown,,https://www.kanehara-shuppan.co.jp/books/detail.html?isbn=9784307204965,既知,2026-02-26,2026-09-04,2026-09-04 09:54:18 +0900
kanehara_rule_癌取扱い規約抜粋消化器癌乳癌第16版,癌取扱い規約抜粋 消化器癌・乳癌第16版,金原出版(規約検索),Web,,2026-09-28,text,発行日 / 2026/09/28,,unknown,,2026-09-04,,unknown,,https://www.kanehara-shuppan.co.jp/books/detail.html?isbn=9784307205184,既知,2026-08-31,2026-09-04,2026-09-04 09:54:18 +0900
kanehara_rule_皮膚がん取扱い規約第3版,皮膚がん取扱い規約 第3版,金原出版(規約検索),Web,,2026-02-20,text,発行日 / 2026/02/20,,unknown,,2026-09-04,,unknown,,https://www.kanehara-shuppan.co.jp/books/detail.html?isbn=9784307400633,既知,2026-02-26,2026-09-04,2026-09-04 09:54:18 +0900
kanehara_rule_精巣癌取扱い規約第5版,精巣癌取扱い規約 第5版,金原出版(規約検索),Web,,2026-04-20,text,発行日 / 2026/04/20,,unknown,,2026-09-04,,unknown,,https://www.kanehara-shuppan.co.jp/books/detail.html?isbn=9784307430630,既知,2026-04-01,2026-09-04,2026-09-04 09:54:18 +0900
kanehara_rule_肺癌中皮腫瘍頭頸部癌甲状腺癌取扱い規約抜粋第5版,肺癌・中皮腫瘍・頭頸部癌・甲状腺癌取扱い規約 抜粋第5版,金原出版(規約検索),Web,,2022-04-01,text,発行日 / 2022/04/01,2022-03,text,本書4版（2012年8月）の刊行以降に改訂された肺癌、頭頸部癌、甲状腺癌の最新情報に加え、新たに中皮腫瘍取扱い規約を収載し、5版とした。 / 2022年3月,2026-08-30,,unknown,,https://www.kanehara-shuppan.co.jp/books/detail.html?isbn=9784307204149,既知,2026-02-26,2026-09-04,2026-09-04 09:54:18 +0900
kanehara_rule_胃癌取扱い規約第16版,胃癌取扱い規約第16版,金原出版(規約検索),Web,,2026-03-06,text,発行日 / 2026/03/06,,unknown,,2026-09-04,,unknown,,https://www.kanehara-shuppan.co.jp/books/detail.html?isbn=9784307205078,既知,2026-02-26,2026-09-04,2026-09-04 09:54:18 +0900
kanehara_rule_膵癌取扱い規約第8版,膵癌取扱い規約第8版,金原出版(規約検索),Web,,2023-07-20,text,発行日 / 2023/07/20,2023-06,text,本改訂がさらなる膵癌治療成績向上の礎になることを祈って止まない。 / 2023年6月,2026-07-13,,unknown,,https://www.kanehara-shuppan.co.jp/books/detail.html?isbn=9784307204736,既知,2026-02-26,2026-09-04,2026-09-04 09:54:18 +0900
kanehara_rule_膵癌取扱い規約第8版増補版,膵癌取扱い規約第8版増補版,金原出版(規約検索),Web,,2026-07-15,text,発行日 / 2026/07/15,2026-07,text,最後に、本改訂にあたり多大なるご尽力を賜った委員各位ならびに関係諸氏に、心より深甚なる謝意を表する。 / 2026年7月,2026-09-04,,unknown,,https://www.kanehara-shuppan.co.jp/books/detail.html?isbn=9784307205160,既知,2026-06-09,2026-09-04,2026-09-04 09:54:18 +0900
kanehara_rule_臨床病理乳癌取扱い規約第19版,臨床・病理乳癌取扱い規約第19版,金原出版(規約検索),Web,,2025-06-20,text,発行日 / 2025/06/20,,unknown,,2026-09-04,,unknown,,https://www.kanehara-shuppan.co.jp/books/detail.html?isbn=9784307204729,既知,2026-02-26,2026-09-04,2026-09-04 09:54:18 +0900
kanehara_rule_臨床病理原発性肝癌取扱い規約第7版,臨床・病理原発性肝癌取扱い規約第7版,金原出版(規約検索),Web,,2025-10-30,text,発行日 / 2025/10/30,2025-10,text,最後に本改訂事業に多大なるご理解とご協力をいただいた日本肝癌研究会の会員のみなさま、膨大な編集・校正作業にご尽力いただいた金原出版 須之内和也氏に篤く御礼申し上げます。 / 2025年10月,2026-09-04,,unknown,,https://www.kanehara-shuppan.co.jp/books/detail.html?isbn=9784307204958,既知,2026-02-26,2026-09-04,2026-09-04 09:54:18 +0900
kanehara_rule_臨床病理肺癌取扱い規約第9版,臨床・病理肺癌取扱い規約第9版,金原出版(規約検索),Web,,2025-01-01,text,発行日 / 2025/01/01,,unknown,,2026-09-04,,unknown,,https://www.kanehara-shuppan.co.jp/books/detail.html?isbn=9784307204859,既知,2026-02-26,2026-09-04,2026-09-04 09:54:18 +0900
kanehara_rule_臨床病理脳腫瘍取扱い規約第5版,臨床・病理脳腫瘍取扱い規約第5版,金原出版(規約検索),Web,,2023-10-27,text,発行日 / 2023/10/27,2023-10,text,脳腫瘍取扱い規約改訂委員会 / 2023年10月,2026-09-04,,unknown,,https://www.kanehara-shuppan.co.jp/books/detail.html?isbn=9784307204637,既知,2026-02-26,2026-09-04,2026-09-04 09:54:18 +0900
kanehara_rule_臨床病理食道癌取扱い規約第12版,臨床・病理食道癌取扱い規約第12版,金原出版(規約検索),Web,,2022-09-24,text,発行日 / 2022/09/24,2012-09,text,(10)「 Squamous intraepithelial neoplasia」を再評価し改訂した。 / (9) 内視鏡診断・治療の進歩に伴い、日本食道学会の拡大内視鏡による食道表在癌深達度診断基準検討委員会で策定された分類（2012 年9 月）の内容を規約に記載した。,2026-09-04,,unknown,,https://www.kanehara-shuppan.co.jp/books/detail.html?isbn=9784307204613,既知,2026-02-26,2026-09-04,2026-09-04 09:54:18 +0900
kanehara_rule_門脈圧亢進症取扱い規約第4版,門脈圧亢進症取扱い規約第4版,金原出版(規約検索),Web,,2022-09-10,text,発行日 / 2022/09/10,,unknown,,2026-09-04,,unknown,,https://www.kanehara-shuppan.co.jp/books/detail.html?isbn=9784307204521,既知,2026-02-26,2026-09-04,2026-09-04 09:54:18 +0900
